,Horizonte,Previsao,Mean Absolute Error,Mean Absolute Percentage Error
0,M+1,71.96766486260462,9.391676837929392,0.16675659392510167
1,M+2,74.57172881737334,12.094790032496812,0.21565335876009983
2,M+3,84.70830212035386,14.287747671625675,0.2556763017241087
3,M+4,82.74275538008963,17.107176374363547,0.30262608656256884
4,M+5,74.30016237183985,19.618230206340062,0.34409096905962777
5,M+6,76.41102472101245,21.400574404034998,0.3750047524429335
